Timestamp,Username,Name,Class of entry,Robot 1 Name ?,Enter Robot 1 in these Challenges,Robot 2 Name ?,Enter Robot 2 in these Challenges,Robot 3 Name ?,Enter Robot 3 in these Challenges,Robot 4 Name ?,Enter Robot 4 in these Challenges,Robot 5 Name ?,Enter Robot 5 in these Challenges
2026/03/11 7:25:36 pm CET,jules.carter27@example.org,Jules Carter,Senior (18+ years of age),Fat Cat 3c,2 Maze Solver,Wild Goose,4 Drag Race;6 Half Size Line Follower;8 Pursuit Race,,,,,,
2026/03/11 9:12:13 pm CET,sage.carter15@example.org,Sage Carter,Senior (18+ years of age),Os-car10 ,2 Maze Solver,,,,,,,,
2026/03/11 9:36:42 pm CET,casey.carter02@example.net,Casey Carter,Senior (18+ years of age),Zip,1 Wall Follower,Orange,1 Wall Follower,Topaz,2 Maze Solver,Missile,4 Drag Race,Paz,5 Half Size Maze Solver
2026/03/11 9:39:26 pm CET,casey.carter02@example.net,Casey Carter,Senior (18+ years of age),Wiz,6 Half Size Line Follower,Fiz,6 Half Size Line Follower,Satsuma,7 Half Size Wall Follower,P0,8 Pursuit Race,,
2026/03/11 10:09:06 pm CET,avery.carter03@example.org,Avery Carter,Senior (18+ years of age),MiniRed1,6 Half Size Line Follower;8 Pursuit Race,MiniRed2,6 Half Size Line Follower;8 Pursuit Race,Redline,4 Drag Race,Stretch,4 Drag Race,,
2026/03/12 12:25:27 pm CET,micah.carter14@example.net,Micah Carter,Senior (18+ years of age),Serpent Scamper,2 Maze Solver,G2,2 Maze Solver,,,,,,
2026/03/13 12:52:39 pm CET,cameron.carter08@example.net,Cameron Carter,Senior (18+ years of age),St-AutonoMouse,2 Maze Solver,Pesto,2 Maze Solver,fan-tastic,2 Maze Solver,,,,
2026/03/29 4:52:18 pm CET,marley.carter19@example.com,Marley Carter,Senior (18+ years of age),Untitled Maze Craft 1,2 Maze Solver,,,,,,,,
2026/03/30 9:09:45 pm CET,greer.carter28@example.com,Greer Carter,Senior (18+ years of age),Brian_1,1 Wall Follower;2 Maze Solver;6 Half Size Line Follower,,,,,,,,
2026/03/31 10:40:20 am CET,reese.carter09@example.org,Reese Carter,Senior (18+ years of age),HAL900,2 Maze Solver,PicOne,2 Maze Solver,PicOne Turbo,2 Maze Solver,,,,
