Entry_ID,Robot,C_ID,Contest,Challenge,Class,Source,Contestant,Cont_Level,Team_Information
10001,Example Robot 01,9001,Junior Line Follower,Half Size Line Follower,Final,OnLineForm,Example Contestant 01,Junior,
10002,Example Robot 02,9001,Junior Line Follower,Half Size Line Follower,Final,OnLineForm,Example Contestant 02,Junior,
10003,Example Robot 03,9001,Junior Line Follower,Half Size Line Follower,Final,OnLineForm,Example Contestant 03,Junior,
10004,Example Robot 04,9002,Senior Line Follower,Half Size Line Follower,Final,OnLineForm,Example Contestant 04,Senior,
10005,Example Robot 05,9002,Senior Line Follower,Half Size Line Follower,Final,OnLineForm,Example Contestant 05,Senior,
10006,Example Robot 06,9002,Senior Line Follower,Half Size Line Follower,Final,OnLineForm,Example Contestant 06,Senior,
10007,Example Robot 07,9002,Senior Line Follower,Half Size Line Follower,Final,OnLineForm,Example Contestant 07,Senior,
10008,Example Robot 08,9002,Senior Line Follower,Half Size Line Follower,Final,OnLineForm,Example Contestant 07,Senior,
10009,Example Robot 09,9002,Senior Line Follower,Half Size Line Follower,Final,OnLineForm,Example Contestant 08,Senior,
10010,Example Robot 10,9002,Senior Line Follower,Half Size Line Follower,Final,OnLineForm,Example Contestant 09,Senior,
10011,Example Robot 11,9002,Senior Line Follower,Half Size Line Follower,Final,OnLineForm,Example Contestant 09,Senior,
10012,Example Robot 12,9002,Senior Line Follower,Half Size Line Follower,Final,OnLineForm,Example Contestant 05,Senior,
10013,Example Robot 13,9002,Senior Line Follower,Half Size Line Follower,Final,OnLineForm,Example Contestant 10,Senior,
10014,Example Robot 14,9002,Senior Line Follower,Half Size Line Follower,Final,OnLineForm,Example Contestant 08,Senior,
10015,Example Robot 15,9002,Senior Line Follower,Half Size Line Follower,Final,OnLineForm,Example Contestant 10,Senior,
10016,Example Robot 04,9003,Drag Race,Drag Race,Final,OnLineForm,Example Contestant 04,Senior,
10017,Example Robot 16,9003,Drag Race,Drag Race,Final,OnLineForm,Example Contestant 10,Senior,
10018,Example Robot 17,9003,Drag Race,Drag Race,Final,OnLineForm,Example Contestant 09,Senior,
10019,Example Robot 18,9003,Drag Race,Drag Race,Final,OnLineForm,Example Contestant 06,Senior,
10020,Example Robot 11,9003,Drag Race,Drag Race,Final,OnLineForm,Example Contestant 09,Senior,
10021,Example Robot 19,9003,Drag Race,Drag Race,Final,OnLineForm,Example Contestant 08,Senior,
10022,Example Robot 03,9004,Junior Wall Follower,Non Contact Wall Follower,Final,OnLineForm,Example Contestant 03,Junior,
10023,Example Robot 20,9004,Junior Wall Follower,Non Contact Wall Follower,Final,OnLineForm,Example Contestant 11,Junior,
10024,Example Robot 21,9005,Senior Wall Follower,Non Contact Wall Follower,Final,OnLineForm,Example Contestant 05,Senior,
10025,Example Robot 22,9005,Senior Wall Follower,Non Contact Wall Follower,Final,OnLineForm,Example Contestant 12,Senior,
10026,Example Robot 23,9005,Senior Wall Follower,Non Contact Wall Follower,Final,OnLineForm,Example Contestant 12,Senior,
10027,Example Robot 24,9005,Senior Wall Follower,Non Contact Wall Follower,Final,OnLineForm,Example Contestant 13,Senior,
10028,Example Robot 25,9005,Senior Wall Follower,Non Contact Wall Follower,Final,OnLineForm,Example Contestant 05,Senior,
10029,Example Robot 08,9005,Senior Wall Follower,Non Contact Wall Follower,Final,OnLineForm,Example Contestant 07,Senior,
10030,Example Robot 26,9005,Senior Wall Follower,Non Contact Wall Follower,Final,OnLineForm,Example Contestant 09,Senior,
10031,Example Robot 27,9005,Senior Wall Follower,Non Contact Wall Follower,Final,OnLineForm,Example Contestant 14,Senior,
10032,Example Robot 28,9005,Senior Wall Follower,Non Contact Wall Follower,Final,OnLineForm,Example Contestant 14,Senior,
10033,Example Robot 29,9005,Senior Wall Follower,Non Contact Wall Follower,Final,OnLineForm,Example Contestant 05,Senior,
10034,Example Robot 30,9005,Senior Wall Follower,Non Contact Wall Follower,Final,OnLineForm,Example Contestant 10,Senior,
10035,Example Robot 31,9005,Senior Wall Follower,Non Contact Wall Follower,Final,OnLineForm,Example Contestant 06,Senior,
10036,Example Robot 32,9006,Junior Maze Solver,Maze Solver,Final,OnLineForm,Example Contestant 11,Junior,
10037,Example Robot 33,9007,Senior Maze Solver,Maze Solver,Final,OnLineForm,Example Contestant 07,Senior,
10038,Example Robot 22,9007,Senior Maze Solver,Maze Solver,Final,OnLineForm,Example Contestant 12,Senior,
10039,Example Robot 23,9007,Senior Maze Solver,Maze Solver,Final,OnLineForm,Example Contestant 12,Senior,
10040,Example Robot 24,9007,Senior Maze Solver,Maze Solver,Final,OnLineForm,Example Contestant 13,Senior,
10041,Example Robot 34,9007,Senior Maze Solver,Maze Solver,Final,OnLineForm,Example Contestant 05,Senior,
10042,Example Robot 35,9007,Senior Maze Solver,Maze Solver,Final,OnLineForm,Example Contestant 05,Senior,
10043,Example Robot 36,9007,Senior Maze Solver,Maze Solver,Final,OnLineForm,Example Contestant 15,Senior,
10044,Example Robot 37,9007,Senior Maze Solver,Maze Solver,Final,OnLineForm,Example Contestant 16,Senior,
10045,Example Robot 38,9007,Senior Maze Solver,Maze Solver,Final,OnLineForm,Example Contestant 09,Senior,
10046,Example Robot 39,9007,Senior Maze Solver,Maze Solver,Final,OnLineForm,Example Contestant 09,Senior,
10047,Example Robot 40,9007,Senior Maze Solver,Maze Solver,Final,OnLineForm,Example Contestant 17,Senior,
10048,Example Robot 41,9007,Senior Maze Solver,Maze Solver,Final,OnLineForm,Example Contestant 18,Senior,
10049,Example Robot 42,9007,Senior Maze Solver,Maze Solver,Final,OnLineForm,Example Contestant 19,Senior,
10050,Example Robot 43,9007,Senior Maze Solver,Maze Solver,Final,OnLineForm,Example Contestant 19,Senior,
10051,Example Robot 44,9007,Senior Maze Solver,Maze Solver,Final,OnLineForm,Example Contestant 16,Senior,
10052,Example Robot 45,9007,Senior Maze Solver,Maze Solver,Final,OnLineForm,Example Contestant 16,Senior,
10053,Example Robot 46,9007,Senior Maze Solver,Maze Solver,Final,OnLineForm,Example Contestant 05,Senior,
10054,Example Robot 47,9007,Senior Maze Solver,Maze Solver,Final,OnLineForm,Example Contestant 15,Senior,
10055,Example Robot 48,9007,Senior Maze Solver,Maze Solver,Final,OnLineForm,Example Contestant 18,Senior,
10056,Example Robot 49,9007,Senior Maze Solver,Maze Solver,Final,OnLineForm,Example Contestant 06,Senior,
10057,Example Robot 50,9007,Senior Maze Solver,Maze Solver,Final,OnLineForm,Example Contestant 20,Senior,
10058,Example Robot 51,9007,Senior Maze Solver,Maze Solver,Final,OnLineForm,Example Contestant 10,Senior,
10059,Example Robot 52,9007,Senior Maze Solver,Maze Solver,Final,OnLineForm,Example Contestant 21,Senior,
10060,Example Robot 53,9008,Half Size Wall Follower,Half Size Wall Follower,Final,OnLineForm,Example Contestant 05,Senior,
10061,Example Robot 21,9008,Half Size Wall Follower,Half Size Wall Follower,Final,OnLineForm,Example Contestant 05,Senior,
10062,Example Robot 54,9008,Half Size Wall Follower,Half Size Wall Follower,Final,OnLineForm,Example Contestant 07,Senior,
10063,Example Robot 55,9008,Half Size Wall Follower,Half Size Wall Follower,Final,OnLineForm,Example Contestant 07,Senior,
10064,Example Robot 56,9008,Half Size Wall Follower,Half Size Wall Follower,Final,OnLineForm,Example Contestant 09,Senior,
10065,Example Robot 57,9008,Half Size Wall Follower,Half Size Wall Follower,Final,OnLineForm,Example Contestant 09,Senior,
10066,Example Robot 58,9008,Half Size Wall Follower,Half Size Wall Follower,Final,OnLineForm,Example Contestant 06,Senior,
10067,Example Robot 54,9009,Half Size Maze Solver,Half Size Maze Solver,Final,OnLineForm,Example Contestant 07,Senior,
10068,Example Robot 55,9009,Half Size Maze Solver,Half Size Maze Solver,Final,OnLineForm,Example Contestant 07,Senior,
10069,Example Robot 56,9009,Half Size Maze Solver,Half Size Maze Solver,Final,OnLineForm,Example Contestant 09,Senior,
10070,Example Robot 57,9009,Half Size Maze Solver,Half Size Maze Solver,Final,OnLineForm,Example Contestant 09,Senior,
10071,Example Robot 59,9009,Half Size Maze Solver,Half Size Maze Solver,Final,OnLineForm,Example Contestant 06,Senior,
